data_item,example,purpose,personal_data,default_for_grades_1-6_pilot,risk_note,legal_basis,retention,processors_recipients,decision,decided_by,date
Class code,4B-ma-2026,group a pupil's answers by class,likely (small class),collect,Small classes make pupils identifiable,EXPERT TO DECIDE,EXPERT TO DECIDE,,,,
Session code (random per pupil),a7f3k9,link one pupil's answers within a session,likely,"collect, no link to name","Must not be derivable from a name, email or device",EXPERT TO DECIDE,EXPERT TO DECIDE,,,,
"Pupil name, email, student number",,identification,yes,do not collect,Not needed for misconception statistics,EXPERT TO DECIDE,n/a,,,,
Teacher account (email),,teacher sign-in and class management,yes,collect only if teacher view is used,Teacher data is also personal data,EXPERT TO DECIDE,EXPERT TO DECIDE,,,,
Item metadata,"template, parameters, tags",group results by concept,no (alone),collect,Personal only when joined with a code,EXPERT TO DECIDE,EXPERT TO DECIDE,,,,
Typed numeric or expression answer,326,"check answer, classify rule",likely (linked to a session),collect,Wrong answers are performance data about a child,EXPERT TO DECIDE,EXPERT TO DECIDE,,,,
Chosen option / tapped line / ordering,tap on line 2,classify rule,likely,collect,As above,EXPERT TO DECIDE,EXPERT TO DECIDE,,,,
Correctness and misconception tag,NUM-10c,statistics and feedback,likely,collect,This is a profile of errors; may hint at learning difficulty,EXPERT TO DECIDE,EXPERT TO DECIDE,,,,
Per-pupil tally of rules (buggy_rules.Tally),NUM-10a on 2 items,decide when to give targeted feedback,yes (profile),OFF until sign-off,Profiling of a child,EXPERT TO DECIDE,session only,,,,
"Timing (time to first input, total)",12 s,fluency signal,likely,collect only in aggregate,Can reveal reading or motor difficulty,EXPERT TO DECIDE,EXPERT TO DECIDE,,,,
"Help-seeking (hints, skips, abandonment)",hint used,difficulty signal,likely,collect only in aggregate,Can reveal frustration,EXPERT TO DECIDE,EXPERT TO DECIDE,,,,
Attempt sequence and session context,attempt 3,learning curves,likely,aggregate only,Enables re-identification when combined,EXPERT TO DECIDE,EXPERT TO DECIDE,,,,
Confidence rating,'how sure are you',separate guesses from misconceptions,likely,"optional, decide",Affect data about a child,EXPERT TO DECIDE,EXPERT TO DECIDE,,,,
Tutor chat text,free text,answer pupils' questions,likely (free text),OFF,Free text can contain names; AI transparency duty (AI Act Art. 50),EXPERT TO DECIDE,n/a,language model provider (if ever used),,,
Free-text explanations,'because ...',Tier 3 feedback,likely,OFF,As above; language model needed,EXPERT TO DECIDE,n/a,language model provider (if ever used),,,
Photos of handwritten work,image,Tier 3 check,"yes (may show names, handwriting)",OFF,High risk; handwriting is identifying,EXPERT TO DECIDE,n/a,language model provider (if ever used),,,
Wrong answers sent to a language model for clustering,batch of wrong answers,find new misconceptions,likely,OFF for pupil input,Pupil input leaving the project's servers,EXPERT TO DECIDE,n/a,language model provider (if ever used),,,
Class and cohort statistics,% wrong per concept,teacher dashboard,no if groups are large,"collect, suppress small groups",Small groups re-identify pupils,EXPERT TO DECIDE,EXPERT TO DECIDE,,,,
"IP address, device, cookies, analytics",,"operation, statistics",yes,minimise; no third-party trackers,ePrivacy and cookie rules,EXPERT TO DECIDE,EXPERT TO DECIDE,hosting provider,,,
Server and error logs,,operation and security,possibly,"minimise, short retention",Logs can carry session codes and answers,EXPERT TO DECIDE,EXPERT TO DECIDE,hosting provider,,,
Backups,,recovery,as above,cover in retention plan,Deleted data may persist in backups,EXPERT TO DECIDE,EXPERT TO DECIDE,hosting provider,,,
